name,mobile_number,password,designation,category,ac_active,status,no_of_login_attempts,assmble_id,district_id,state_id,created_at,updated_at
ac100ron       ,9876470300,$2y$10$92IXUNpkjO0rOQ5byMi.Ye4oKoEa3Ro9llC/.og/at2.uheWG/igi,NULL,1,FALSE,1,0,100,18,21,2023-08-24 05:34:52,2023-08-24 05:34:52
ac101ron       ,9872077729,$2y$10$92IXUNpkjO0rOQ5byMi.Ye4oKoEa3Ro9llC/.og/at2.uheWG/igi,NULL,1,FALSE,1,0,101,18,21,2023-08-24 05:34:52,2023-08-24 05:34:52
ac102ron       ,8054923877,$2y$10$92IXUNpkjO0rOQ5byMi.Ye4oKoEa3Ro9llC/.og/at2.uheWG/igi,NULL,1,FALSE,1,0,102,19,21,2023-08-24 05:34:52,2023-08-24 05:34:52
ac103ron       ,9643290035,$2y$10$92IXUNpkjO0rOQ5byMi.Ye4oKoEa3Ro9llC/.og/at2.uheWG/igi,NULL,1,FALSE,1,0,103,19,21,2023-08-24 05:34:52,2023-08-24 05:34:52
ac104ron       ,9888867455,$2y$10$92IXUNpkjO0rOQ5byMi.Ye4oKoEa3Ro9llC/.og/at2.uheWG/igi,NULL,1,FALSE,1,0,104,19,21,2023-08-24 05:34:52,2023-08-24 05:34:52
ac105ron       ,9872883628,$2y$10$92IXUNpkjO0rOQ5byMi.Ye4oKoEa3Ro9llC/.og/at2.uheWG/igi,NULL,1,FALSE,1,0,105,21,21,2023-08-24 05:34:52,2023-08-24 05:34:52
ac106ron       ,7087052810,$2y$10$92IXUNpkjO0rOQ5byMi.Ye4oKoEa3Ro9llC/.og/at2.uheWG/igi,NULL,1,FALSE,1,0,106,21,21,2023-08-24 05:34:52,2023-08-24 05:34:52
ac107ron       ,9878488105,$2y$10$92IXUNpkjO0rOQ5byMi.Ye4oKoEa3Ro9llC/.og/at2.uheWG/igi,NULL,1,FALSE,1,0,107,18,21,2023-08-24 05:34:52,2023-08-24 05:34:52
ac108ron       ,9779022255,$2y$10$92IXUNpkjO0rOQ5byMi.Ye4oKoEa3Ro9llC/.og/at2.uheWG/igi,NULL,1,FALSE,1,0,108,18,21,2023-08-24 05:34:52,2023-08-24 05:34:52
ac109ron       ,9878720238,$2y$10$92IXUNpkjO0rOQ5byMi.Ye4oKoEa3Ro9llC/.og/at2.uheWG/igi,NULL,1,FALSE,1,0,109,20,21,2023-08-24 05:34:52,2023-08-24 05:34:52
ac10ron        ,7307200036,$2y$10$92IXUNpkjO0rOQ5byMi.Ye4oKoEa3Ro9llC/.og/at2.uheWG/igi,NULL,1,FALSE,1,0,10,1,21,2023-08-24 05:34:52,2023-08-24 05:34:52
ac110ron       ,9958122047,$2y$10$92IXUNpkjO0rOQ5byMi.Ye4oKoEa3Ro9llC/.og/at2.uheWG/igi,NULL,1,FALSE,1,0,110,20,21,2023-08-24 05:34:52,2023-08-24 05:34:52
ac111ron       ,9988883722,$2y$10$92IXUNpkjO0rOQ5byMi.Ye4oKoEa3Ro9llC/.og/at2.uheWG/igi,NULL,1,FALSE,1,0,111,20,21,2023-08-24 05:34:52,2023-08-24 05:34:52
ac112ron       ,7508161360,$2y$10$92IXUNpkjO0rOQ5byMi.Ye4oKoEa3Ro9llC/.og/at2.uheWG/igi,NULL,1,FALSE,1,0,112,9,21,2023-08-24 05:34:52,2023-08-24 05:34:52
ac113ron       ,8544992928,$2y$10$92IXUNpkjO0rOQ5byMi.Ye4oKoEa3Ro9llC/.og/at2.uheWG/igi,NULL,1,FALSE,1,0,113,20,21,2023-08-24 05:34:52,2023-08-24 05:34:52
ac114ron       ,9592526960,$2y$10$92IXUNpkjO0rOQ5byMi.Ye4oKoEa3Ro9llC/.og/at2.uheWG/igi,NULL,1,FALSE,1,0,114,20,21,2023-08-24 05:34:52,2023-08-24 05:34:52
ac115ron       ,9872699999,$2y$10$92IXUNpkjO0rOQ5byMi.Ye4oKoEa3Ro9llC/.og/at2.uheWG/igi,NULL,1,FALSE,1,0,115,20,21,2023-08-24 05:34:52,2023-08-24 05:34:52
ac116ron       ,7668355885,$2y$10$92IXUNpkjO0rOQ5byMi.Ye4oKoEa3Ro9llC/.og/at2.uheWG/igi,NULL,1,FALSE,1,0,116,20,21,2023-08-24 05:34:52,2023-08-24 05:34:52
ac117ron       ,9675441678,$2y$10$92IXUNpkjO0rOQ5byMi.Ye4oKoEa3Ro9llC/.og/at2.uheWG/igi,NULL,1,FALSE,1,0,117,20,21,2023-08-24 05:34:52,2023-08-24 05:34:52
ac11ron        ,9417176900,$2y$10$92IXUNpkjO0rOQ5byMi.Ye4oKoEa3Ro9llC/.og/at2.uheWG/igi,NULL,1,FALSE,1,0,11,2,21,2023-08-24 05:34:52,2023-08-24 05:34:52
ac12ron        ,9915223556,$2y$10$92IXUNpkjO0rOQ5byMi.Ye4oKoEa3Ro9llC/.og/at2.uheWG/igi,NULL,1,FALSE,1,0,12,2,21,2023-08-24 05:34:52,2023-08-24 05:34:52
ac13ron        ,8288804628,$2y$10$92IXUNpkjO0rOQ5byMi.Ye4oKoEa3Ro9llC/.og/at2.uheWG/igi,NULL,1,FALSE,1,0,13,2,21,2023-08-24 05:34:52,2023-08-24 05:34:52
ac14ron        ,9464340002,$2y$10$92IXUNpkjO0rOQ5byMi.Ye4oKoEa3Ro9llC/.og/at2.uheWG/igi,NULL,1,FALSE,1,0,14,2,21,2023-08-24 05:34:52,2023-08-24 05:34:52
ac15ron        ,9855108091,$2y$10$92IXUNpkjO0rOQ5byMi.Ye4oKoEa3Ro9llC/.og/at2.uheWG/igi,NULL,1,FALSE,1,0,15,2,21,2023-08-24 05:34:52,2023-08-24 05:34:52
ac16ron        ,7528883340,$2y$10$92IXUNpkjO0rOQ5byMi.Ye4oKoEa3Ro9llC/.og/at2.uheWG/igi,NULL,1,FALSE,1,0,16,2,21,2023-08-24 05:34:52,2023-08-24 05:34:52
ac17ron        ,7837048773,$2y$10$92IXUNpkjO0rOQ5byMi.Ye4oKoEa3Ro9llC/.og/at2.uheWG/igi,NULL,1,FALSE,1,0,17,2,21,2023-08-24 05:34:52,2023-08-24 05:34:52
ac18ron        ,9888747153,$2y$10$92IXUNpkjO0rOQ5byMi.Ye4oKoEa3Ro9llC/.og/at2.uheWG/igi,NULL,1,FALSE,1,0,18,2,21,2023-08-24 05:34:52,2023-08-24 05:34:52
ac19ron        ,8968908811,$2y$10$92IXUNpkjO0rOQ5byMi.Ye4oKoEa3Ro9llC/.og/at2.uheWG/igi,NULL,1,FALSE,1,0,19,2,21,2023-08-24 05:34:52,2023-08-24 05:34:52
ac1ron         ,9910084433,$2y$10$92IXUNpkjO0rOQ5byMi.Ye4oKoEa3Ro9llC/.og/at2.uheWG/igi,NULL,1,FALSE,1,0,1,22,21,2023-08-24 05:34:52,2023-08-24 05:34:52
ac20ron        ,9814220581,$2y$10$92IXUNpkjO0rOQ5byMi.Ye4oKoEa3Ro9llC/.og/at2.uheWG/igi,NULL,1,FALSE,1,0,20,2,21,2023-08-24 05:34:52,2023-08-24 05:34:52
ac21ron        ,8847419945,$2y$10$92IXUNpkjO0rOQ5byMi.Ye4oKoEa3Ro9llC/.og/at2.uheWG/igi,NULL,1,FALSE,1,0,21,3,21,2023-08-24 05:34:52,2023-08-24 05:34:52
ac22ron        ,9915474422,$2y$10$92IXUNpkjO0rOQ5byMi.Ye4oKoEa3Ro9llC/.og/at2.uheWG/igi,NULL,1,FALSE,1,0,22,3,21,2023-08-24 05:34:52,2023-08-24 05:34:52
ac23ron        ,9592237800,$2y$10$92IXUNpkjO0rOQ5byMi.Ye4oKoEa3Ro9llC/.og/at2.uheWG/igi,NULL,1,FALSE,1,0,23,3,21,2023-08-24 05:34:52,2023-08-24 05:34:52
ac24ron        ,8146195700,$2y$10$92IXUNpkjO0rOQ5byMi.Ye4oKoEa3Ro9llC/.og/at2.uheWG/igi,NULL,1,FALSE,1,0,24,3,21,2023-08-24 05:34:52,2023-08-24 05:34:52
ac25ron        ,8130772231,$2y$10$92IXUNpkjO0rOQ5byMi.Ye4oKoEa3Ro9llC/.og/at2.uheWG/igi,NULL,1,FALSE,1,0,25,2,21,2023-08-24 05:34:52,2023-08-24 05:34:52
ac26ron        ,7347531887,$2y$10$92IXUNpkjO0rOQ5byMi.Ye4oKoEa3Ro9llC/.og/at2.uheWG/igi,NULL,1,FALSE,1,0,26,4,21,2023-08-24 05:34:52,2023-08-24 05:34:52
ac27ron        ,8568867204,$2y$10$92IXUNpkjO0rOQ5byMi.Ye4oKoEa3Ro9llC/.og/at2.uheWG/igi,NULL,1,FALSE,1,0,27,4,21,2023-08-24 05:34:52,2023-08-24 05:34:52
ac28ron        ,9872654826,$2y$10$92IXUNpkjO0rOQ5byMi.Ye4oKoEa3Ro9llC/.og/at2.uheWG/igi,NULL,1,FALSE,1,0,28,4,21,2023-08-24 05:34:52,2023-08-24 05:34:52
ac29ron        ,9855883389,$2y$10$92IXUNpkjO0rOQ5byMi.Ye4oKoEa3Ro9llC/.og/at2.uheWG/igi,NULL,1,FALSE,1,0,29,4,21,2023-08-24 05:34:52,2023-08-24 05:34:52
ac2ron         ,9417255338,$2y$10$92IXUNpkjO0rOQ5byMi.Ye4oKoEa3Ro9llC/.og/at2.uheWG/igi,NULL,1,FALSE,1,0,2,22,21,2023-08-24 05:34:52,2023-08-24 05:34:52
ac30ron        ,9779746223,$2y$10$92IXUNpkjO0rOQ5byMi.Ye4oKoEa3Ro9llC/.og/at2.uheWG/igi,NULL,1,FALSE,1,0,30,5,21,2023-08-24 05:34:52,2023-08-24 05:34:52
ac31ron        ,9878707249,$2y$10$92IXUNpkjO0rOQ5byMi.Ye4oKoEa3Ro9llC/.og/at2.uheWG/igi,NULL,1,FALSE,1,0,31,5,21,2023-08-24 05:34:52,2023-08-24 05:34:52
ac32ron        ,8699655302,$2y$10$92IXUNpkjO0rOQ5byMi.Ye4oKoEa3Ro9llC/.og/at2.uheWG/igi,NULL,1,FALSE,1,0,32,5,21,2023-08-24 05:34:52,2023-08-24 05:34:52
ac33ron        ,9601149592,$2y$10$92IXUNpkjO0rOQ5byMi.Ye4oKoEa3Ro9llC/.og/at2.uheWG/igi,NULL,1,FALSE,1,0,33,5,21,2023-08-24 05:34:52,2023-08-24 05:34:52
ac34ron        ,9803800097,$2y$10$92IXUNpkjO0rOQ5byMi.Ye4oKoEa3Ro9llC/.og/at2.uheWG/igi,NULL,1,FALSE,1,0,34,5,21,2023-08-24 05:34:52,2023-08-24 05:34:52
ac35ron        ,9569902204,$2y$10$92IXUNpkjO0rOQ5byMi.Ye4oKoEa3Ro9llC/.og/at2.uheWG/igi,NULL,1,FALSE,1,0,35,5,21,2023-08-24 05:34:52,2023-08-24 05:34:52
ac36ron        ,9815398111,$2y$10$92IXUNpkjO0rOQ5byMi.Ye4oKoEa3Ro9llC/.og/at2.uheWG/igi,NULL,1,FALSE,1,0,36,5,21,2023-08-24 05:34:52,2023-08-24 05:34:52
ac37ron        ,9888666305,$2y$10$92IXUNpkjO0rOQ5byMi.Ye4oKoEa3Ro9llC/.og/at2.uheWG/igi,NULL,1,FALSE,1,0,37,5,21,2023-08-24 05:34:52,2023-08-24 05:34:52
ac38ron        ,9888880414,$2y$10$92IXUNpkjO0rOQ5byMi.Ye4oKoEa3Ro9llC/.og/at2.uheWG/igi,NULL,1,FALSE,1,0,38,5,21,2023-08-24 05:34:52,2023-08-24 05:34:52
ac39ron        ,9888329441,$2y$10$92IXUNpkjO0rOQ5byMi.Ye4oKoEa3Ro9llC/.og/at2.uheWG/igi,NULL,1,FALSE,1,0,39,6,21,2023-08-24 05:34:52,2023-08-24 05:34:52
ac3ron         ,9988727260,$2y$10$92IXUNpkjO0rOQ5byMi.Ye4oKoEa3Ro9llC/.og/at2.uheWG/igi,NULL,1,FALSE,1,0,3,22,21,2023-08-24 05:34:52,2023-08-24 05:34:52
ac40ron        ,9953426859,$2y$10$92IXUNpkjO0rOQ5byMi.Ye4oKoEa3Ro9llC/.og/at2.uheWG/igi,NULL,1,FALSE,1,0,40,6,21,2023-08-24 05:34:52,2023-08-24 05:34:52
ac41ron        ,9872963056,$2y$10$92IXUNpkjO0rOQ5byMi.Ye4oKoEa3Ro9llC/.og/at2.uheWG/igi,NULL,1,FALSE,1,0,41,6,21,2023-08-24 05:34:52,2023-08-24 05:34:52
ac42ron        ,9533502245,$2y$10$92IXUNpkjO0rOQ5byMi.Ye4oKoEa3Ro9llC/.og/at2.uheWG/igi,NULL,1,FALSE,1,0,42,6,21,2023-08-24 05:34:52,2023-08-24 05:34:52
ac43ron        ,9855047547,$2y$10$92IXUNpkjO0rOQ5byMi.Ye4oKoEa3Ro9llC/.og/at2.uheWG/igi,NULL,1,FALSE,1,0,43,6,21,2023-08-24 05:34:52,2023-08-24 05:34:52
ac44ron        ,9988808884,$2y$10$92IXUNpkjO0rOQ5byMi.Ye4oKoEa3Ro9llC/.og/at2.uheWG/igi,NULL,1,FALSE,1,0,44,6,21,2023-08-24 05:34:52,2023-08-24 05:34:52
ac45ron        ,9780050508,$2y$10$92IXUNpkjO0rOQ5byMi.Ye4oKoEa3Ro9llC/.og/at2.uheWG/igi,NULL,1,FALSE,1,0,45,6,21,2023-08-24 05:34:52,2023-08-24 05:34:52
ac46ron        ,9988113641,$2y$10$92IXUNpkjO0rOQ5byMi.Ye4oKoEa3Ro9llC/.og/at2.uheWG/igi,NULL,1,FALSE,1,0,46,7,21,2023-08-24 05:34:52,2023-08-24 05:34:52
ac47ron        ,8146100702,$2y$10$92IXUNpkjO0rOQ5byMi.Ye4oKoEa3Ro9llC/.og/at2.uheWG/igi,NULL,1,FALSE,1,0,47,7,21,2023-08-24 05:34:52,2023-08-24 05:34:52
ac48ron        ,8146553093,$2y$10$92IXUNpkjO0rOQ5byMi.Ye4oKoEa3Ro9llC/.og/at2.uheWG/igi,NULL,1,FALSE,1,0,48,7,21,2023-08-24 05:34:52,2023-08-24 05:34:52
ac49ron        ,9914076661,$2y$10$92IXUNpkjO0rOQ5byMi.Ye4oKoEa3Ro9llC/.og/at2.uheWG/igi,NULL,1,FALSE,1,0,49,8,21,2023-08-24 05:34:52,2023-08-24 05:34:52
ac4ron         ,9560014061,$2y$10$92IXUNpkjO0rOQ5byMi.Ye4oKoEa3Ro9llC/.og/at2.uheWG/igi,NULL,1,FALSE,1,0,4,1,21,2023-08-24 05:34:52,2023-08-24 05:34:52
ac50ron        ,9814021021,$2y$10$92IXUNpkjO0rOQ5byMi.Ye4oKoEa3Ro9llC/.og/at2.uheWG/igi,NULL,1,FALSE,1,0,50,8,21,2023-08-24 05:34:52,2023-08-24 05:34:52
ac51ron        ,9914644480,$2y$10$92IXUNpkjO0rOQ5byMi.Ye4oKoEa3Ro9llC/.og/at2.uheWG/igi,NULL,1,FALSE,1,0,51,8,21,2023-08-24 05:34:52,2023-08-24 05:34:52
ac52ron        ,9888209395,$2y$10$92IXUNpkjO0rOQ5byMi.Ye4oKoEa3Ro9llC/.og/at2.uheWG/igi,NULL,1,FALSE,1,0,52,9,21,2023-08-24 05:34:52,2023-08-24 05:34:52
ac53ron        ,8264577466,$2y$10$92IXUNpkjO0rOQ5byMi.Ye4oKoEa3Ro9llC/.og/at2.uheWG/igi,NULL,1,FALSE,1,0,53,9,21,2023-08-24 05:34:52,2023-08-24 05:34:52
ac54ron        ,9463504466,$2y$10$92IXUNpkjO0rOQ5byMi.Ye4oKoEa3Ro9llC/.og/at2.uheWG/igi,NULL,1,FALSE,1,0,54,10,21,2023-08-24 05:34:52,2023-08-24 05:34:52
ac55ron        ,8728078970,$2y$10$92IXUNpkjO0rOQ5byMi.Ye4oKoEa3Ro9llC/.og/at2.uheWG/igi,NULL,1,FALSE,1,0,55,10,21,2023-08-24 05:34:52,2023-08-24 05:34:52
ac56ron        ,9855174220,$2y$10$92IXUNpkjO0rOQ5byMi.Ye4oKoEa3Ro9llC/.og/at2.uheWG/igi,NULL,1,FALSE,1,0,56,10,21,2023-08-24 05:34:52,2023-08-24 05:34:52
ac57ron        ,9855920320,$2y$10$92IXUNpkjO0rOQ5byMi.Ye4oKoEa3Ro9llC/.og/at2.uheWG/igi,NULL,1,FALSE,1,0,57,11,21,2023-08-24 05:34:52,2023-08-24 05:34:52
ac58ron        ,8437601212,$2y$10$92IXUNpkjO0rOQ5byMi.Ye4oKoEa3Ro9llC/.og/at2.uheWG/igi,NULL,1,FALSE,1,0,58,11,21,2023-08-24 05:34:52,2023-08-24 05:34:52
ac59ron        ,7087084857,$2y$10$92IXUNpkjO0rOQ5byMi.Ye4oKoEa3Ro9llC/.og/at2.uheWG/igi,NULL,1,FALSE,1,0,59,11,21,2023-08-24 05:34:52,2023-08-24 05:34:52
ac5ron         ,8283816950,$2y$10$92IXUNpkjO0rOQ5byMi.Ye4oKoEa3Ro9llC/.og/at2.uheWG/igi,NULL,1,FALSE,1,0,5,1,21,2023-08-24 05:34:52,2023-08-24 05:34:52
ac60ron        ,9888380168,$2y$10$92IXUNpkjO0rOQ5byMi.Ye4oKoEa3Ro9llC/.og/at2.uheWG/igi,NULL,1,FALSE,1,0,60,11,21,2023-08-24 05:34:52,2023-08-24 05:34:52
ac61ron        ,9888581448,$2y$10$92IXUNpkjO0rOQ5byMi.Ye4oKoEa3Ro9llC/.og/at2.uheWG/igi,NULL,1,FALSE,1,0,61,11,21,2023-08-24 05:34:52,2023-08-24 05:34:52
ac62ron        ,9646501343,$2y$10$92IXUNpkjO0rOQ5byMi.Ye4oKoEa3Ro9llC/.og/at2.uheWG/igi,NULL,1,FALSE,1,0,62,11,21,2023-08-24 05:34:52,2023-08-24 05:34:52
ac63ron        ,7837725996,$2y$10$92IXUNpkjO0rOQ5byMi.Ye4oKoEa3Ro9llC/.og/at2.uheWG/igi,NULL,1,FALSE,1,0,63,11,21,2023-08-24 05:34:52,2023-08-24 05:34:52
ac64ron        ,7873500007,$2y$10$92IXUNpkjO0rOQ5byMi.Ye4oKoEa3Ro9llC/.og/at2.uheWG/igi,NULL,1,FALSE,1,0,64,11,21,2023-08-24 05:34:52,2023-08-24 05:34:52
ac65ron        ,9814858009,$2y$10$92IXUNpkjO0rOQ5byMi.Ye4oKoEa3Ro9llC/.og/at2.uheWG/igi,NULL,1,FALSE,1,0,65,11,21,2023-08-24 05:34:52,2023-08-24 05:34:52
ac66ron        ,8146182782,$2y$10$92IXUNpkjO0rOQ5byMi.Ye4oKoEa3Ro9llC/.og/at2.uheWG/igi,NULL,1,FALSE,1,0,66,11,21,2023-08-24 05:34:52,2023-08-24 05:34:52
ac67ron        ,9464544117,$2y$10$92IXUNpkjO0rOQ5byMi.Ye4oKoEa3Ro9llC/.og/at2.uheWG/igi,NULL,1,FALSE,1,0,67,11,21,2023-08-24 05:34:52,2023-08-24 05:34:52
ac68ron        ,8727856083,$2y$10$92IXUNpkjO0rOQ5byMi.Ye4oKoEa3Ro9llC/.og/at2.uheWG/igi,NULL,1,FALSE,1,0,68,11,21,2023-08-24 05:34:52,2023-08-24 05:34:52
ac69ron        ,9492400003,$2y$10$92IXUNpkjO0rOQ5byMi.Ye4oKoEa3Ro9llC/.og/at2.uheWG/igi,NULL,1,FALSE,1,0,69,11,21,2023-08-24 05:34:52,2023-08-24 05:34:52
ac6ron         ,9501116895,$2y$10$92IXUNpkjO0rOQ5byMi.Ye4oKoEa3Ro9llC/.og/at2.uheWG/igi,NULL,1,FALSE,1,0,6,1,21,2023-08-24 05:34:52,2023-08-24 05:34:52
ac70ron        ,9988565609,$2y$10$92IXUNpkjO0rOQ5byMi.Ye4oKoEa3Ro9llC/.og/at2.uheWG/igi,NULL,1,FALSE,1,0,70,11,21,2023-08-24 05:34:52,2023-08-24 05:34:52
ac71ron        ,9876062029,$2y$10$92IXUNpkjO0rOQ5byMi.Ye4oKoEa3Ro9llC/.og/at2.uheWG/igi,NULL,1,FALSE,1,0,71,12,21,2023-08-24 05:34:52,2023-08-24 05:34:52
ac72ron        ,9872279287,$2y$10$92IXUNpkjO0rOQ5byMi.Ye4oKoEa3Ro9llC/.og/at2.uheWG/igi,NULL,1,FALSE,1,0,72,12,21,2023-08-24 05:34:52,2023-08-24 05:34:52
ac73ron        ,8054499343,$2y$10$92IXUNpkjO0rOQ5byMi.Ye4oKoEa3Ro9llC/.og/at2.uheWG/igi,NULL,1,FALSE,1,0,73,12,21,2023-08-24 05:34:52,2023-08-24 05:34:52
ac74ron        ,8427990701,$2y$10$92IXUNpkjO0rOQ5byMi.Ye4oKoEa3Ro9llC/.og/at2.uheWG/igi,NULL,1,FALSE,1,0,74,12,21,2023-08-24 05:34:52,2023-08-24 05:34:52
ac75ron        ,9463050975,$2y$10$92IXUNpkjO0rOQ5byMi.Ye4oKoEa3Ro9llC/.og/at2.uheWG/igi,NULL,1,FALSE,1,0,75,13,21,2023-08-24 05:34:52,2023-08-24 05:34:52
ac76ron        ,8146727500,$2y$10$92IXUNpkjO0rOQ5byMi.Ye4oKoEa3Ro9llC/.og/at2.uheWG/igi,NULL,1,FALSE,1,0,76,13,21,2023-08-24 05:34:52,2023-08-24 05:34:52
ac78ron        ,9888698140,$2y$10$92IXUNpkjO0rOQ5byMi.Ye4oKoEa3Ro9llC/.og/at2.uheWG/igi,NULL,1,FALSE,1,0,78,13,21,2023-08-24 05:34:52,2023-08-24 05:34:52
ac79ron        ,8427558983,$2y$10$92IXUNpkjO0rOQ5byMi.Ye4oKoEa3Ro9llC/.og/at2.uheWG/igi,NULL,1,FALSE,1,0,79,23,21,2023-08-24 05:34:52,2023-08-24 05:34:52
ac7ron         ,9915335032,$2y$10$92IXUNpkjO0rOQ5byMi.Ye4oKoEa3Ro9llC/.og/at2.uheWG/igi,NULL,1,FALSE,1,0,7,1,21,2023-08-24 05:34:52,2023-08-24 05:34:52
ac80ron        ,9872264640,$2y$10$92IXUNpkjO0rOQ5byMi.Ye4oKoEa3Ro9llC/.og/at2.uheWG/igi,NULL,1,FALSE,1,0,80,23,21,2023-08-24 05:34:52,2023-08-24 05:34:52
ac81ron        ,9958391722,$2y$10$92IXUNpkjO0rOQ5byMi.Ye4oKoEa3Ro9llC/.og/at2.uheWG/igi,NULL,1,FALSE,1,0,81,23,21,2023-08-24 05:34:52,2023-08-24 05:34:52
ac82ron        ,9915006379,$2y$10$92IXUNpkjO0rOQ5byMi.Ye4oKoEa3Ro9llC/.og/at2.uheWG/igi,NULL,1,FALSE,1,0,82,23,21,2023-08-24 05:34:52,2023-08-24 05:34:52
ac83ron        ,9915087348,$2y$10$92IXUNpkjO0rOQ5byMi.Ye4oKoEa3Ro9llC/.og/at2.uheWG/igi,NULL,1,FALSE,1,0,83,14,21,2023-08-24 05:34:52,2023-08-24 05:34:52
ac84ron        ,9650878192,$2y$10$92IXUNpkjO0rOQ5byMi.Ye4oKoEa3Ro9llC/.og/at2.uheWG/igi,NULL,1,FALSE,1,0,84,14,21,2023-08-24 05:34:52,2023-08-24 05:34:52
ac85ron        ,9501442300,$2y$10$92IXUNpkjO0rOQ5byMi.Ye4oKoEa3Ro9llC/.og/at2.uheWG/igi,NULL,1,FALSE,1,0,85,14,21,2023-08-24 05:34:52,2023-08-24 05:34:52
ac86ron        ,9814112805,$2y$10$92IXUNpkjO0rOQ5byMi.Ye4oKoEa3Ro9llC/.og/at2.uheWG/igi,NULL,1,FALSE,1,0,86,14,21,2023-08-24 05:34:52,2023-08-24 05:34:52
ac87ron        ,8968155300,$2y$10$92IXUNpkjO0rOQ5byMi.Ye4oKoEa3Ro9llC/.og/at2.uheWG/igi,NULL,1,FALSE,1,0,87,15,21,2023-08-24 05:34:52,2023-08-24 05:34:52
ac88ron        ,9465503032,$2y$10$92IXUNpkjO0rOQ5byMi.Ye4oKoEa3Ro9llC/.og/at2.uheWG/igi,NULL,1,FALSE,1,0,88,15,21,2023-08-24 05:34:52,2023-08-24 05:34:52
ac89ron        ,8848485323,$2y$10$92IXUNpkjO0rOQ5byMi.Ye4oKoEa3Ro9llC/.og/at2.uheWG/igi,NULL,1,FALSE,1,0,89,15,21,2023-08-24 05:34:52,2023-08-24 05:34:52
ac8ron         ,8130028018,$2y$10$92IXUNpkjO0rOQ5byMi.Ye4oKoEa3Ro9llC/.og/at2.uheWG/igi,NULL,1,FALSE,1,0,8,1,21,2023-08-24 05:34:52,2023-08-24 05:34:52
ac90ron        ,8872207444,$2y$10$92IXUNpkjO0rOQ5byMi.Ye4oKoEa3Ro9llC/.og/at2.uheWG/igi,NULL,1,FALSE,1,0,90,16,21,2023-08-24 05:34:52,2023-08-24 05:34:52
ac91ron        ,9815666455,$2y$10$92IXUNpkjO0rOQ5byMi.Ye4oKoEa3Ro9llC/.og/at2.uheWG/igi,NULL,1,FALSE,1,0,91,16,21,2023-08-24 05:34:52,2023-08-24 05:34:52
ac92ron        ,9417914156,$2y$10$92IXUNpkjO0rOQ5byMi.Ye4oKoEa3Ro9llC/.og/at2.uheWG/igi,NULL,1,FALSE,1,0,92,16,21,2023-08-24 05:34:52,2023-08-24 05:34:52
ac93ron        ,8968322477,$2y$10$92IXUNpkjO0rOQ5byMi.Ye4oKoEa3Ro9llC/.og/at2.uheWG/igi,NULL,1,FALSE,1,0,93,16,21,2023-08-24 05:34:52,2023-08-24 05:34:52
ac94ron        ,8882576368,$2y$10$92IXUNpkjO0rOQ5byMi.Ye4oKoEa3Ro9llC/.og/at2.uheWG/igi,NULL,1,FALSE,1,0,94,16,21,2023-08-24 05:34:52,2023-08-24 05:34:52
ac95ron        ,9855713653,$2y$10$92IXUNpkjO0rOQ5byMi.Ye4oKoEa3Ro9llC/.og/at2.uheWG/igi,NULL,1,FALSE,1,0,95,16,21,2023-08-24 05:34:52,2023-08-24 05:34:52
ac96ron        ,7888421621,$2y$10$92IXUNpkjO0rOQ5byMi.Ye4oKoEa3Ro9llC/.og/at2.uheWG/igi,NULL,1,FALSE,1,0,96,17,21,2023-08-24 05:34:52,2023-08-24 05:34:52
ac97ron        ,8360788789,$2y$10$92IXUNpkjO0rOQ5byMi.Ye4oKoEa3Ro9llC/.og/at2.uheWG/igi,NULL,1,FALSE,1,0,97,17,21,2023-08-24 05:34:52,2023-08-24 05:34:52
ac98ron        ,9417124284,$2y$10$92IXUNpkjO0rOQ5byMi.Ye4oKoEa3Ro9llC/.og/at2.uheWG/igi,NULL,1,FALSE,1,0,98,17,21,2023-08-24 05:34:52,2023-08-24 05:34:52
ac99ron        ,8728857482,$2y$10$92IXUNpkjO0rOQ5byMi.Ye4oKoEa3Ro9llC/.og/at2.uheWG/igi,NULL,1,FALSE,1,0,99,18,21,2023-08-24 05:34:52,2023-08-24 05:34:52
ac9ron         ,8437666205,$2y$10$92IXUNpkjO0rOQ5byMi.Ye4oKoEa3Ro9llC/.og/at2.uheWG/igi,NULL,1,FALSE,1,0,9,1,21,2023-08-24 05:34:52,2023-08-24 05:34:52
amritsar       ,9814316565,$2y$10$92IXUNpkjO0rOQ5byMi.Ye4oKoEa3Ro9llC/.og/at2.uheWG/igi,NULL,1,FALSE,1,0,9,2,21,2023-08-24 05:34:52,2023-08-24 05:34:52
barnala        ,9501872052,$2y$10$92IXUNpkjO0rOQ5byMi.Ye4oKoEa3Ro9llC/.og/at2.uheWG/igi,NULL,1,FALSE,1,0,9,19,21,2023-08-24 05:34:52,2023-08-24 05:34:52
bathinda       ,8427774331,$2y$10$92IXUNpkjO0rOQ5byMi.Ye4oKoEa3Ro9llC/.og/at2.uheWG/igi,NULL,1,FALSE,1,0,9,16,21,2023-08-24 05:34:52,2023-08-24 05:34:52
ceopb          ,9966885533,$2y$10$92IXUNpkjO0rOQ5byMi.Ye4oKoEa3Ro9llC/.og/at2.uheWG/igi,NULL,1,FALSE,1,0,9,9,21,2023-08-24 05:34:52,2023-08-24 05:34:52
faridkot       ,9814066550,$2y$10$92IXUNpkjO0rOQ5byMi.Ye4oKoEa3Ro9llC/.og/at2.uheWG/igi,NULL,1,FALSE,1,0,9,15,21,2023-08-24 05:34:52,2023-08-24 05:34:52
fatehgarh      ,9914008686,$2y$10$92IXUNpkjO0rOQ5byMi.Ye4oKoEa3Ro9llC/.og/at2.uheWG/igi,NULL,1,FALSE,1,0,9,10,21,2023-08-24 05:34:52,2023-08-24 05:34:52
fazilka        ,9878250011,$2y$10$92IXUNpkjO0rOQ5byMi.Ye4oKoEa3Ro9llC/.og/at2.uheWG/igi,NULL,1,FALSE,1,0,9,23,21,2023-08-24 05:34:52,2023-08-24 05:34:52
firozpur       ,8528299999,$2y$10$92IXUNpkjO0rOQ5byMi.Ye4oKoEa3Ro9llC/.og/at2.uheWG/igi,NULL,1,FALSE,1,0,9,13,21,2023-08-24 05:34:52,2023-08-24 05:34:52
gurdaspur      ,9915433786,$2y$10$92IXUNpkjO0rOQ5byMi.Ye4oKoEa3Ro9llC/.og/at2.uheWG/igi,NULL,1,FALSE,1,0,9,1,21,2023-08-24 05:34:52,2023-08-24 05:34:52
hoshiarpur     ,8968541313,$2y$10$92IXUNpkjO0rOQ5byMi.Ye4oKoEa3Ro9llC/.og/at2.uheWG/igi,NULL,1,FALSE,1,0,9,6,21,2023-08-24 05:34:52,2023-08-24 05:34:52
jalandhar      ,9872847574,$2y$10$92IXUNpkjO0rOQ5byMi.Ye4oKoEa3Ro9llC/.og/at2.uheWG/igi,NULL,1,FALSE,1,0,9,5,21,2023-08-24 05:34:52,2023-08-24 05:34:52
kapurthala     ,9596611533,$2y$10$92IXUNpkjO0rOQ5byMi.Ye4oKoEa3Ro9llC/.og/at2.uheWG/igi,NULL,1,FALSE,1,0,9,4,21,2023-08-24 05:34:52,2023-08-24 05:34:52
ludhiana       ,8556011651,$2y$10$92IXUNpkjO0rOQ5byMi.Ye4oKoEa3Ro9llC/.og/at2.uheWG/igi,NULL,1,FALSE,1,0,9,11,21,2023-08-24 05:34:52,2023-08-24 05:34:52
malerkotla     ,9888719653,$2y$10$92IXUNpkjO0rOQ5byMi.Ye4oKoEa3Ro9llC/.og/at2.uheWG/igi,NULL,1,FALSE,1,0,9,21,21,2023-08-24 05:34:52,2023-08-24 05:34:52
mansa          ,9780039403,$2y$10$92IXUNpkjO0rOQ5byMi.Ye4oKoEa3Ro9llC/.og/at2.uheWG/igi,NULL,1,FALSE,1,0,9,17,21,2023-08-24 05:34:52,2023-08-24 05:34:52
moga           ,9417251445,$2y$10$92IXUNpkjO0rOQ5byMi.Ye4oKoEa3Ro9llC/.og/at2.uheWG/igi,NULL,1,FALSE,1,0,9,12,21,2023-08-24 05:34:52,2023-08-24 05:34:52
muktsar        ,9871786807,$2y$10$92IXUNpkjO0rOQ5byMi.Ye4oKoEa3Ro9llC/.og/at2.uheWG/igi,NULL,1,FALSE,1,0,9,14,21,2023-08-24 05:34:52,2023-08-24 05:34:52
nicpunjab      ,7755664488,$2y$10$92IXUNpkjO0rOQ5byMi.Ye4oKoEa3Ro9llC/.og/at2.uheWG/igi,NULL,1,FALSE,1,0,9,9,21,2023-08-24 05:34:52,2023-08-24 05:34:52
pathankot      ,9780108469,$2y$10$92IXUNpkjO0rOQ5byMi.Ye4oKoEa3Ro9llC/.og/at2.uheWG/igi,NULL,1,FALSE,1,0,9,22,21,2023-08-24 05:34:52,2023-08-24 05:34:52
patiala        ,8146156777,$2y$10$92IXUNpkjO0rOQ5byMi.Ye4oKoEa3Ro9llC/.og/at2.uheWG/igi,NULL,1,FALSE,1,0,9,20,21,2023-08-24 05:34:52,2023-08-24 05:34:52
punjab         ,3355668877,$2y$10$92IXUNpkjO0rOQ5byMi.Ye4oKoEa3Ro9llC/.og/at2.uheWG/igi,NULL,1,FALSE,1,0,9,9,21,2023-08-24 05:34:52,2023-08-24 05:34:52
punjab1        ,6655665599,$2y$10$92IXUNpkjO0rOQ5byMi.Ye4oKoEa3Ro9llC/.og/at2.uheWG/igi,NULL,1,FALSE,1,0,9,9,21,2023-08-24 05:34:52,2023-08-24 05:34:52
rupnagar       ,9888841777,$2y$10$92IXUNpkjO0rOQ5byMi.Ye4oKoEa3Ro9llC/.og/at2.uheWG/igi,NULL,1,FALSE,1,0,9,8,21,2023-08-24 05:34:52,2023-08-24 05:34:52
sangrur        ,8054911300,$2y$10$92IXUNpkjO0rOQ5byMi.Ye4oKoEa3Ro9llC/.og/at2.uheWG/igi,NULL,1,FALSE,1,0,9,18,21,2023-08-24 05:34:52,2023-08-24 05:34:52
sasnagar       ,8050454400,$2y$10$92IXUNpkjO0rOQ5byMi.Ye4oKoEa3Ro9llC/.og/at2.uheWG/igi,NULL,1,FALSE,1,0,9,9,21,2023-08-24 05:34:52,2023-08-24 05:34:52
sbsnagar       ,9988958791,$2y$10$92IXUNpkjO0rOQ5byMi.Ye4oKoEa3Ro9llC/.og/at2.uheWG/igi,NULL,1,FALSE,1,0,9,7,21,2023-08-24 05:34:52,2023-08-24 05:34:52
tarntaran      ,9023700015,$2y$10$92IXUNpkjO0rOQ5byMi.Ye4oKoEa3Ro9llC/.og/at2.uheWG/igi,NULL,1,FALSE,1,0,9,3,21,2023-08-24 05:34:52,2023-08-24 05:34:52
